time_s,gps_x,gps_y,est_x,est_y,heading_deg,cmd_robot
0.040,NaN,NaN,0.000,0.000,0.00,stop
0.090,NaN,NaN,0.000,0.000,0.00,stop
0.140,NaN,NaN,0.000,0.000,0.00,stop
0.190,NaN,NaN,0.000,0.000,0.00,stop
0.240,NaN,NaN,0.000,0.000,0.00,stop
0.290,NaN,NaN,0.000,0.000,0.00,stop
0.340,NaN,NaN,0.000,0.000,0.00,stop
0.390,NaN,NaN,0.000,0.000,0.00,stop
0.440,NaN,NaN,0.000,0.000,0.00,stop
0.490,NaN,NaN,0.000,0.000,0.00,stop
0.540,NaN,NaN,0.000,0.000,0.00,stop
0.590,NaN,NaN,0.000,0.000,0.00,stop
0.640,NaN,NaN,0.000,0.000,0.00,stop
0.690,NaN,NaN,0.000,0.000,358.00,stop
0.740,NaN,NaN,0.000,0.000,358.00,stop
0.790,NaN,NaN,0.000,0.000,359.10,stop
0.840,NaN,NaN,0.000,0.000,0.10,stop
0.890,NaN,NaN,0.000,0.000,3.70,stop
0.940,NaN,NaN,0.000,0.000,6.75,stop
0.990,NaN,NaN,0.000,0.000,12.45,stop
1.040,-0.005,0.015,-0.005,0.015,14.11,stop
1.090,-0.005,0.015,-0.005,0.015,14.97,stop
1.140,-0.005,0.015,-0.005,0.015,15.84,stop
1.190,-0.005,0.015,-0.005,0.015,13.55,stop
1.240,-0.005,0.015,-0.005,0.015,13.55,stop
1.290,-0.007,0.016,-0.007,0.016,13.24,stop
1.340,-0.007,0.016,-0.007,0.016,14.11,stop
1.390,-0.007,0.016,-0.007,0.016,13.97,stop
1.440,-0.007,0.016,-0.007,0.016,15.18,stop
1.490,-0.007,0.016,-0.007,0.016,19.04,stop
1.540,-0.007,0.016,-0.007,0.016,19.55,stop
1.590,0.000,0.025,0.000,0.025,21.14,stop
1.640,0.000,0.025,0.000,0.025,23.59,stop
1.690,0.000,0.025,0.000,0.025,23.59,stop
1.740,0.000,0.025,0.000,0.025,25.73,stop
1.790,0.000,0.025,0.000,0.025,25.73,stop
1.840,0.000,0.025,0.000,0.025,25.65,stop
1.890,0.000,0.025,0.000,0.025,25.26,stop
1.940,0.008,0.019,0.008,0.019,25.22,stop
1.990,0.008,0.019,0.008,0.019,25.22,stop
2.040,0.008,0.019,0.008,0.019,25.33,stop
2.090,0.008,0.019,0.008,0.019,25.66,stop
2.140,0.008,0.019,0.008,0.019,28.63,stop
2.190,0.008,0.019,0.008,0.019,30.01,stop
2.240,0.008,0.019,0.008,0.019,36.94,stop
2.290,0.008,0.019,0.008,0.019,38.93,stop
2.340,0.019,0.023,0.019,0.023,39.36,stop
2.390,0.019,0.023,0.019,0.023,39.55,stop
2.440,0.019,0.023,0.019,0.023,39.83,stop
2.490,0.019,0.023,0.019,0.023,39.44,stop
2.540,0.019,0.023,0.019,0.023,39.37,stop
2.590,0.019,0.023,0.019,0.023,38.96,stop
2.640,0.019,0.023,0.019,0.023,38.96,stop
2.690,0.025,0.014,0.025,0.014,43.94,stop
2.740,0.025,0.014,0.025,0.014,45.26,stop
2.790,0.025,0.014,0.025,0.014,46.97,stop
2.840,0.025,0.014,0.025,0.014,53.52,stop
2.890,0.025,0.014,0.025,0.014,54.94,stop
2.940,0.020,-0.001,0.020,-0.001,52.63,stop
2.990,0.020,-0.001,0.020,-0.001,52.63,stop
3.040,0.015,-0.013,0.015,-0.013,53.05,stop
3.090,0.015,-0.013,0.015,-0.013,53.05,stop
3.140,0.014,-0.013,0.014,-0.013,53.74,turn_left
3.190,0.014,-0.013,0.014,-0.013,53.13,turn_left
3.240,0.021,-0.014,0.021,-0.014,55.01,turn_left
3.290,0.021,-0.014,0.021,-0.014,55.65,turn_left
3.340,0.021,-0.014,0.021,-0.014,55.65,turn_left
3.390,0.021,-0.014,0.021,-0.014,55.65,turn_left
3.440,0.020,-0.015,0.020,-0.015,62.07,turn_left
3.490,0.020,-0.015,0.020,-0.015,61.05,turn_left
3.540,0.013,-0.010,0.013,-0.010,56.92,turn_left
3.590,0.013,-0.010,0.013,-0.010,54.63,turn_left
3.640,0.005,-0.005,0.005,-0.005,54.59,turn_left
3.690,0.005,-0.005,0.005,-0.005,56.25,turn_left
3.740,0.005,-0.005,0.005,-0.005,56.25,turn_left
3.790,0.005,-0.005,0.005,-0.005,56.22,turn_left
3.840,0.005,-0.005,0.005,-0.005,57.22,turn_left
3.890,0.012,-0.004,0.012,-0.004,59.58,turn_left
3.940,0.012,-0.004,0.012,-0.004,67.94,turn_left
3.990,0.006,0.004,0.006,0.004,68.27,turn_left
4.040,0.006,0.004,0.006,0.004,68.27,turn_left
4.090,0.004,0.006,0.004,0.006,68.26,turn_left
4.140,0.004,0.006,0.004,0.006,60.22,turn_left
4.190,0.004,0.006,0.004,0.006,60.22,turn_left
4.240,-0.003,0.011,-0.003,0.011,60.22,turn_left
4.290,-0.003,0.011,-0.003,0.011,60.56,turn_left
4.340,-0.003,0.011,-0.003,0.011,60.87,turn_left
4.390,-0.004,0.013,-0.004,0.013,60.89,turn_left
4.440,-0.004,0.013,-0.004,0.013,61.54,turn_left
4.490,-0.004,0.013,-0.004,0.013,67.10,turn_left
4.540,0.001,0.018,0.001,0.018,75.33,turn_left
4.590,0.001,0.018,0.001,0.018,75.80,turn_left
4.640,-0.003,0.026,-0.003,0.026,75.82,turn_left
4.690,-0.003,0.026,-0.003,0.026,74.82,turn_left
4.740,-0.008,0.029,-0.008,0.029,69.31,turn_left
4.790,-0.008,0.029,-0.008,0.029,67.17,turn_left
4.840,-0.016,0.036,-0.016,0.036,68.31,turn_left
4.890,-0.016,0.036,-0.016,0.036,68.31,turn_left
4.940,-0.017,0.037,-0.017,0.037,68.50,turn_left
4.990,-0.017,0.037,-0.017,0.037,68.50,turn_left
5.040,-0.013,0.037,-0.013,0.037,68.50,turn_left
5.090,-0.013,0.037,-0.013,0.037,68.50,turn_left
5.140,-0.013,0.037,-0.013,0.037,78.54,turn_left
5.190,-0.012,0.043,-0.012,0.043,79.20,turn_left
5.240,-0.012,0.043,-0.012,0.043,79.21,turn_left
5.290,-0.012,0.043,-0.012,0.043,78.08,turn_left
5.340,-0.012,0.043,-0.012,0.043,78.02,turn_left
5.390,-0.024,0.051,-0.024,0.051,69.80,turn_left
5.440,-0.024,0.051,-0.024,0.051,69.55,turn_left
5.490,-0.024,0.051,-0.024,0.051,71.15,turn_left
5.540,-0.027,0.060,-0.027,0.060,71.15,turn_left
5.590,-0.027,0.060,-0.027,0.060,71.15,turn_left
5.640,-0.027,0.062,-0.027,0.062,71.15,turn_left
5.690,-0.027,0.062,-0.027,0.062,71.15,turn_left
5.740,-0.024,0.065,-0.024,0.065,82.24,turn_left
5.790,-0.024,0.065,-0.024,0.065,82.66,turn_left
5.840,-0.025,0.066,-0.025,0.066,82.67,turn_left
5.890,-0.025,0.066,-0.025,0.066,82.67,turn_left
5.940,-0.032,0.070,-0.032,0.070,76.47,turn_left
5.990,-0.032,0.070,-0.032,0.070,76.47,turn_left
6.040,-0.033,0.079,-0.033,0.079,76.47,turn_left
6.090,-0.033,0.079,-0.033,0.079,76.58,turn_left
6.140,-0.033,0.081,-0.033,0.081,76.58,turn_left
6.190,-0.033,0.081,-0.033,0.081,76.58,turn_left
6.240,-0.033,0.081,-0.033,0.081,77.20,turn_left
6.290,-0.033,0.083,-0.033,0.083,79.94,turn_left
6.340,-0.033,0.083,-0.033,0.083,84.22,turn_left
6.390,-0.031,0.087,-0.031,0.087,86.98,turn_left
6.440,-0.031,0.087,-0.031,0.087,86.98,turn_left
6.490,-0.031,0.087,-0.031,0.087,86.98,turn_left
6.540,-0.033,0.088,-0.033,0.088,86.98,turn_left
6.590,-0.033,0.088,-0.033,0.088,86.98,turn_left
6.640,-0.048,0.094,-0.048,0.094,86.98,turn_left
6.690,-0.048,0.094,-0.048,0.094,86.98,turn_left
6.740,-0.049,0.094,-0.049,0.094,79.73,turn_left
6.790,-0.049,0.094,-0.049,0.094,79.73,turn_left
6.840,-0.050,0.097,-0.050,0.097,79.70,turn_left
6.890,-0.050,0.097,-0.050,0.097,79.70,turn_left
6.940,-0.049,0.103,-0.049,0.103,89.84,turn_left
6.990,-0.049,0.103,-0.049,0.103,90.68,turn_left
7.040,-0.051,0.107,-0.051,0.107,90.68,turn_left
7.090,-0.051,0.107,-0.051,0.107,90.68,turn_left
7.140,-0.057,0.109,-0.057,0.109,84.13,turn_left
7.190,-0.057,0.109,-0.057,0.109,81.95,turn_left
7.240,-0.057,0.109,-0.057,0.109,83.78,turn_left
7.290,-0.061,0.116,-0.061,0.116,84.51,turn_left
7.340,-0.061,0.116,-0.061,0.116,84.57,turn_left
7.390,-0.062,0.118,-0.062,0.118,83.92,turn_left
7.440,-0.062,0.118,-0.062,0.118,85.65,turn_left
7.490,-0.062,0.118,-0.062,0.118,89.55,turn_left
7.540,-0.063,0.119,-0.063,0.119,93.27,turn_left
7.590,-0.063,0.119,-0.063,0.119,94.59,turn_left
7.640,-0.063,0.122,-0.063,0.122,94.59,turn_left
7.690,-0.063,0.122,-0.063,0.122,94.46,turn_left
7.740,-0.069,0.123,-0.069,0.123,94.46,turn_left
7.790,-0.069,0.123,-0.069,0.123,86.23,turn_left
7.840,-0.073,0.130,-0.073,0.130,87.68,turn_left
7.890,-0.073,0.130,-0.073,0.130,87.78,turn_left
7.940,-0.073,0.130,-0.073,0.130,87.78,turn_left
7.990,-0.073,0.131,-0.073,0.131,87.64,turn_left
8.040,-0.073,0.131,-0.073,0.131,87.92,turn_left
8.090,-0.070,0.132,-0.070,0.132,96.65,turn_left
8.140,-0.070,0.132,-0.070,0.132,96.65,turn_left
8.190,-0.069,0.136,-0.069,0.136,100.59,turn_left
8.240,-0.069,0.136,-0.069,0.136,100.60,turn_left
8.290,-0.069,0.136,-0.069,0.136,99.28,turn_left
8.340,-0.071,0.136,-0.071,0.136,95.40,turn_left
8.390,-0.071,0.136,-0.071,0.136,95.40,turn_left
8.440,-0.071,0.136,-0.071,0.136,95.40,turn_left
8.490,-0.063,0.143,-0.063,0.143,91.88,turn_left
8.540,-0.063,0.143,-0.063,0.143,92.57,turn_left
8.590,-0.062,0.146,-0.062,0.146,91.72,turn_left
8.640,-0.062,0.146,-0.062,0.146,93.82,turn_left
8.690,-0.062,0.145,-0.062,0.145,100.11,turn_left
8.740,-0.062,0.145,-0.062,0.145,103.64,turn_left
8.790,-0.062,0.143,-0.062,0.143,103.92,turn_left
8.840,-0.062,0.143,-0.062,0.143,103.95,turn_left
8.890,-0.063,0.142,-0.063,0.142,103.95,turn_left
8.940,-0.063,0.142,-0.063,0.142,103.95,turn_left
8.990,-0.063,0.142,-0.063,0.142,94.43,turn_left
9.040,-0.067,0.151,-0.067,0.151,96.29,turn_left
9.090,-0.067,0.151,-0.067,0.151,96.56,turn_left
9.140,-0.069,0.153,-0.069,0.153,96.57,turn_left
9.190,-0.069,0.153,-0.069,0.153,95.77,turn_left
9.240,-0.072,0.157,-0.072,0.157,96.42,turn_left
9.290,-0.072,0.157,-0.072,0.157,100.67,turn_left
9.340,-0.072,0.157,-0.072,0.157,105.23,turn_left
9.390,-0.067,0.158,-0.067,0.158,106.02,turn_left
9.440,-0.067,0.158,-0.067,0.158,106.50,turn_left
9.490,-0.060,0.157,-0.060,0.157,105.27,turn_left
9.540,-0.060,0.157,-0.060,0.157,99.49,turn_left
9.590,-0.054,0.167,-0.054,0.167,98.39,turn_left
9.640,-0.054,0.167,-0.054,0.167,99.57,turn_left
9.690,-0.052,0.170,-0.052,0.170,99.61,turn_left
9.740,-0.052,0.170,-0.052,0.170,99.60,turn_left
9.790,-0.052,0.170,-0.052,0.170,99.28,turn_left
9.840,-0.054,0.173,-0.054,0.173,98.66,turn_left
9.890,-0.054,0.173,-0.054,0.173,98.66,turn_left
9.940,-0.050,0.174,-0.050,0.174,98.66,turn_left
9.990,-0.050,0.174,-0.050,0.174,98.66,turn_left
10.040,-0.046,0.176,-0.046,0.176,98.66,turn_left
10.090,-0.046,0.176,-0.046,0.176,98.66,turn_left
10.140,-0.046,0.175,-0.046,0.175,102.73,turn_left
10.190,-0.046,0.175,-0.046,0.175,102.73,turn_left
10.240,-0.044,0.183,-0.044,0.183,99.93,turn_left
10.290,-0.044,0.183,-0.044,0.183,101.42,turn_left
10.340,-0.044,0.183,-0.044,0.183,101.42,turn_left
10.390,-0.044,0.184,-0.044,0.184,101.42,turn_left
10.440,-0.044,0.184,-0.044,0.184,102.44,turn_left
10.490,-0.044,0.184,-0.044,0.184,103.12,turn_left
10.540,-0.038,0.181,-0.038,0.181,112.85,turn_left
10.590,-0.038,0.181,-0.038,0.181,118.67,turn_left
10.640,-0.026,0.182,-0.026,0.182,118.83,turn_left
10.690,-0.026,0.182,-0.026,0.182,117.92,turn_left
10.740,-0.023,0.180,-0.023,0.180,111.32,turn_left
10.790,-0.023,0.180,-0.023,0.180,111.32,turn_left
10.840,-0.017,0.186,-0.017,0.186,111.26,turn_left
10.890,-0.017,0.186,-0.017,0.186,111.80,turn_left
10.940,-0.017,0.186,-0.017,0.186,111.78,turn_left
10.990,-0.016,0.186,-0.016,0.186,111.45,turn_left
11.040,-0.016,0.186,-0.016,0.186,113.40,turn_left
11.090,-0.020,0.191,-0.020,0.191,117.12,turn_left
11.140,-0.020,0.191,-0.020,0.191,122.18,turn_left
11.190,-0.002,0.192,-0.002,0.192,124.26,turn_left
11.240,-0.002,0.192,-0.002,0.192,124.34,turn_left
11.290,-0.002,0.192,-0.002,0.192,122.76,turn_left
11.340,0.004,0.189,0.004,0.189,118.88,turn_left
11.390,0.004,0.189,0.004,0.189,118.88,turn_left
11.440,0.004,0.189,0.004,0.189,112.29,turn_left
11.490,0.008,0.197,0.008,0.197,112.65,turn_left
11.540,0.008,0.197,0.008,0.197,112.68,turn_left
11.590,0.005,0.202,0.005,0.202,112.03,turn_left
11.640,0.005,0.202,0.005,0.202,112.24,turn_left
11.690,0.005,0.202,0.005,0.202,112.24,turn_left
11.740,0.002,0.199,0.002,0.199,123.51,turn_left
11.790,0.002,0.199,0.002,0.199,124.07,turn_left
11.840,0.002,0.197,0.002,0.197,124.09,turn_left
11.890,0.002,0.197,0.002,0.197,122.64,turn_left
11.940,0.002,0.197,0.002,0.197,118.29,turn_left
11.990,0.007,0.193,0.007,0.193,114.85,turn_left
12.040,0.007,0.193,0.007,0.193,115.79,turn_left
12.090,0.013,0.197,0.013,0.197,115.96,turn_left
12.140,0.013,0.197,0.013,0.197,115.96,turn_left
12.190,0.013,0.198,0.013,0.198,114.98,turn_left
12.240,0.013,0.198,0.013,0.198,115.83,turn_left
12.290,0.013,0.198,0.013,0.198,119.66,turn_left
12.340,0.013,0.197,0.013,0.197,121.56,turn_left
12.390,0.013,0.197,0.013,0.197,124.80,turn_left
12.440,0.013,0.197,0.013,0.197,126.04,turn_left
12.490,0.016,0.193,0.016,0.193,126.03,turn_left
12.540,0.016,0.193,0.016,0.193,122.01,turn_left
12.590,0.023,0.186,0.023,0.186,120.37,turn_left
12.640,0.023,0.186,0.023,0.186,121.51,turn_left
12.690,0.026,0.186,0.026,0.186,121.63,turn_left
12.740,0.026,0.186,0.026,0.186,121.63,turn_left
12.790,0.027,0.189,0.027,0.189,121.63,turn_left
12.840,0.027,0.189,0.027,0.189,121.63,turn_left
12.890,0.028,0.188,0.028,0.188,127.25,turn_left
12.940,0.028,0.188,0.028,0.188,129.58,turn_left
12.990,0.028,0.188,0.028,0.188,129.68,turn_left
13.040,0.030,0.184,0.030,0.184,129.68,turn_left
13.090,0.030,0.184,0.030,0.184,128.30,turn_left
13.140,0.032,0.181,0.032,0.181,121.33,turn_left
13.190,0.032,0.181,0.032,0.181,121.14,turn_left
13.240,0.041,0.184,0.041,0.184,120.40,turn_left
13.290,0.041,0.184,0.041,0.184,121.80,turn_left
13.340,0.041,0.184,0.041,0.184,121.81,turn_left
13.390,0.041,0.185,0.041,0.185,121.82,turn_left
13.440,0.041,0.185,0.041,0.185,122.20,turn_left
13.490,0.043,0.189,0.043,0.189,122.20,turn_left
13.540,0.043,0.189,0.043,0.189,122.20,turn_left
13.590,0.043,0.189,0.043,0.189,134.59,turn_left
13.640,0.049,0.182,0.049,0.182,134.54,turn_left
13.690,0.049,0.182,0.049,0.182,134.55,turn_left
13.740,0.052,0.178,0.052,0.178,125.33,turn_left
13.790,0.052,0.178,0.052,0.178,124.75,turn_left
13.840,0.060,0.183,0.060,0.183,126.09,turn_left
13.890,0.060,0.183,0.060,0.183,126.45,turn_left
13.940,0.061,0.184,0.061,0.184,126.47,turn_left
13.990,0.061,0.184,0.061,0.184,125.90,turn_left
14.040,0.065,0.191,0.065,0.191,126.28,turn_left
14.090,0.065,0.191,0.065,0.191,133.49,turn_left
14.140,0.065,0.179,0.065,0.179,135.85,turn_left
14.190,0.065,0.179,0.065,0.179,136.05,turn_left
14.240,0.064,0.180,0.064,0.180,136.06,turn_left
14.290,0.064,0.180,0.064,0.180,135.92,turn_left
14.340,0.064,0.180,0.064,0.180,128.84,turn_left
14.390,0.064,0.174,0.064,0.174,127.56,turn_left
14.440,0.064,0.174,0.064,0.174,126.66,turn_left
14.490,0.063,0.177,0.063,0.177,126.71,turn_left
14.540,0.063,0.177,0.063,0.177,127.22,turn_left
14.590,0.064,0.179,0.064,0.179,126.25,turn_left
14.640,0.064,0.179,0.064,0.179,129.01,turn_left
14.690,0.068,0.182,0.068,0.182,133.40,turn_left
14.740,0.068,0.182,0.068,0.182,135.58,turn_left
14.790,0.068,0.182,0.068,0.182,135.99,turn_left
14.840,0.070,0.180,0.070,0.180,136.03,turn_left
14.890,0.070,0.180,0.070,0.180,134.75,turn_left
14.940,0.072,0.176,0.072,0.176,127.64,turn_left
14.990,0.072,0.176,0.072,0.176,125.97,turn_left
15.040,0.075,0.177,0.075,0.177,126.82,turn_left
15.090,0.075,0.177,0.075,0.177,127.93,turn_left
15.140,0.075,0.177,0.075,0.177,127.90,turn_left
15.190,0.076,0.177,0.076,0.177,127.75,turn_left
15.240,0.076,0.177,0.076,0.177,130.33,turn_left
15.290,0.078,0.183,0.078,0.183,133.70,turn_left
15.340,0.078,0.183,0.078,0.183,134.33,turn_left
15.390,0.078,0.183,0.078,0.183,138.35,turn_left
15.440,0.082,0.172,0.082,0.172,138.61,turn_left
15.490,0.082,0.172,0.082,0.172,138.80,turn_left
15.540,0.082,0.172,0.082,0.172,138.80,turn_left
15.590,0.086,0.163,0.086,0.163,138.80,turn_left
15.640,0.086,0.163,0.086,0.163,138.80,turn_left
15.690,0.091,0.161,0.091,0.161,131.53,turn_left
15.740,0.091,0.161,0.091,0.161,131.53,turn_left
15.790,0.092,0.163,0.092,0.163,131.51,turn_left
15.840,0.092,0.163,0.092,0.163,131.00,turn_left
15.890,0.092,0.163,0.092,0.163,133.94,turn_left
15.940,0.093,0.161,0.093,0.161,137.28,turn_left
15.990,0.093,0.161,0.093,0.161,141.03,turn_left
16.040,0.088,0.158,0.088,0.158,140.78,turn_left
16.090,0.088,0.158,0.088,0.158,139.28,turn_left
16.140,0.089,0.154,0.089,0.154,134.39,turn_left
16.190,0.089,0.154,0.089,0.154,131.87,turn_left
16.240,0.094,0.152,0.094,0.152,132.93,turn_left
16.290,0.094,0.152,0.094,0.152,134.32,turn_left
16.340,0.094,0.152,0.094,0.152,134.33,turn_left
16.390,0.095,0.153,0.095,0.153,134.33,turn_left
16.440,0.095,0.153,0.095,0.153,134.33,turn_left
16.490,0.099,0.158,0.099,0.158,139.31,turn_left
16.540,0.099,0.158,0.099,0.158,140.25,turn_left
16.590,0.099,0.151,0.099,0.151,140.25,turn_left
16.640,0.099,0.151,0.099,0.151,140.25,turn_left
16.690,0.099,0.151,0.099,0.151,140.25,turn_left
16.740,0.099,0.148,0.099,0.148,139.27,turn_left
16.790,0.099,0.148,0.099,0.148,139.27,turn_left
16.840,0.106,0.146,0.106,0.146,135.70,turn_left
16.890,0.106,0.146,0.106,0.146,135.70,turn_left
16.940,0.109,0.146,0.109,0.146,135.69,turn_left
16.990,0.109,0.146,0.109,0.146,135.69,turn_left
17.040,0.112,0.152,0.112,0.152,136.04,turn_left
17.090,0.112,0.152,0.112,0.152,142.68,turn_left
17.140,0.111,0.151,0.111,0.151,142.90,turn_left
17.190,0.111,0.151,0.111,0.151,142.89,turn_left
17.240,0.111,0.150,0.111,0.150,142.95,turn_left
17.290,0.111,0.150,0.111,0.150,140.75,turn_left
17.340,0.111,0.150,0.111,0.150,133.58,turn_left
17.390,0.108,0.144,0.108,0.144,132.03,turn_left
17.440,0.108,0.144,0.108,0.144,132.02,turn_left
17.490,0.110,0.150,0.110,0.150,132.85,turn_left
17.540,0.110,0.150,0.110,0.150,133.07,turn_left
17.590,0.111,0.154,0.111,0.154,132.37,turn_left
17.640,0.111,0.154,0.111,0.154,132.33,turn_left
17.690,0.111,0.154,0.111,0.154,135.51,turn_left
17.740,0.115,0.156,0.115,0.156,142.07,turn_left
17.790,0.115,0.156,0.115,0.156,142.46,turn_left
17.840,0.115,0.155,0.115,0.155,142.47,turn_left
17.890,0.115,0.155,0.115,0.155,141.11,turn_left
17.940,0.116,0.150,0.116,0.150,138.23,turn_left
17.990,0.116,0.150,0.116,0.150,133.96,turn_left
18.040,0.119,0.150,0.119,0.150,134.69,turn_left
18.090,0.119,0.150,0.119,0.150,135.14,turn_left
18.140,0.120,0.150,0.120,0.150,135.12,turn_left
18.190,0.120,0.150,0.120,0.150,134.40,turn_left
18.240,0.123,0.158,0.123,0.158,134.30,turn_left
18.290,0.123,0.158,0.123,0.158,134.30,turn_left
18.340,0.123,0.158,0.123,0.158,142.35,turn_left
18.390,0.124,0.153,0.124,0.153,142.23,turn_left
18.440,0.124,0.153,0.124,0.153,142.18,turn_left
18.490,0.124,0.153,0.124,0.153,141.78,turn_left
18.540,0.123,0.150,0.123,0.150,133.57,turn_left
18.590,0.123,0.150,0.123,0.150,131.22,turn_left
18.640,0.119,0.152,0.119,0.152,132.14,turn_left
18.690,0.119,0.152,0.119,0.152,132.14,turn_left
18.740,0.116,0.156,0.116,0.156,133.19,turn_left
18.790,0.116,0.156,0.116,0.156,132.60,turn_left
18.840,0.119,0.165,0.119,0.165,132.60,turn_left
18.890,0.119,0.165,0.119,0.165,137.57,turn_left
18.940,0.119,0.165,0.119,0.165,141.92,turn_left
18.990,0.114,0.159,0.114,0.159,142.23,turn_left
19.040,0.114,0.159,0.114,0.159,142.28,turn_left
19.090,0.114,0.158,0.114,0.158,140.66,turn_left
19.140,0.114,0.158,0.114,0.158,138.13,turn_left
19.190,0.114,0.156,0.114,0.156,133.53,turn_left
19.240,0.114,0.156,0.114,0.156,133.51,turn_left
19.290,0.114,0.156,0.114,0.156,134.99,turn_left
19.340,0.114,0.156,0.114,0.156,135.25,turn_left
19.390,0.113,0.161,0.113,0.161,135.46,turn_left
19.440,0.113,0.161,0.113,0.161,135.18,turn_left
19.490,0.112,0.163,0.112,0.163,142.52,turn_left
19.540,0.112,0.163,0.112,0.163,145.91,turn_left
19.590,0.112,0.163,0.112,0.163,146.88,turn_left
19.640,0.109,0.159,0.109,0.159,147.06,turn_left
19.690,0.109,0.159,0.109,0.159,147.06,turn_left
19.740,0.107,0.155,0.107,0.155,147.06,turn_left
19.790,0.107,0.155,0.107,0.155,147.06,turn_left
19.840,0.108,0.156,0.108,0.156,139.17,turn_left
19.890,0.108,0.156,0.108,0.156,139.22,turn_left
19.940,0.108,0.156,0.108,0.156,139.23,turn_left
19.990,0.108,0.156,0.108,0.156,138.32,turn_left
20.040,0.108,0.156,0.108,0.156,138.32,turn_left
20.090,0.112,0.167,0.112,0.167,144.74,turn_left
20.140,0.112,0.167,0.112,0.167,146.87,turn_left
20.190,0.109,0.163,0.109,0.163,147.55,turn_left
20.240,0.109,0.163,0.109,0.163,147.49,turn_left
20.290,0.108,0.162,0.108,0.162,146.35,turn_left
20.340,0.108,0.162,0.108,0.162,146.35,turn_left
20.390,0.108,0.162,0.108,0.162,141.21,turn_left
20.440,0.112,0.166,0.112,0.166,135.63,turn_left
20.490,0.112,0.166,0.112,0.166,135.63,turn_left
20.540,0.111,0.171,0.111,0.171,137.21,turn_left
20.590,0.111,0.171,0.111,0.171,137.21,turn_left
20.640,0.112,0.177,0.112,0.177,139.06,turn_left
20.690,0.112,0.177,0.112,0.177,143.06,turn_left
20.740,0.112,0.177,0.112,0.177,148.12,turn_left
20.790,0.106,0.174,0.106,0.174,148.13,turn_left
20.840,0.106,0.174,0.106,0.174,148.28,turn_left
20.890,0.106,0.174,0.106,0.174,148.18,turn_left
20.940,0.106,0.174,0.106,0.174,146.64,turn_left
20.990,0.106,0.174,0.106,0.174,144.92,turn_left
21.040,0.106,0.176,0.106,0.176,144.92,turn_left
21.090,0.106,0.176,0.106,0.176,144.92,turn_left
21.140,0.106,0.181,0.106,0.181,144.88,turn_left
21.190,0.106,0.181,0.106,0.181,144.88,turn_left
21.240,0.108,0.188,0.108,0.188,145.21,turn_left
21.290,0.108,0.188,0.108,0.188,146.87,turn_left
21.340,0.108,0.188,0.108,0.188,148.93,turn_left
21.390,0.108,0.188,0.108,0.188,152.85,turn_left
21.440,0.105,0.188,0.105,0.188,154.50,turn_left
21.490,0.105,0.188,0.105,0.188,153.22,turn_left
21.540,0.102,0.179,0.102,0.179,148.70,turn_left
21.590,0.102,0.179,0.102,0.179,146.58,turn_left
21.640,0.103,0.172,0.103,0.172,148.02,turn_left
21.690,0.103,0.172,0.103,0.172,148.14,turn_left
21.740,0.103,0.172,0.103,0.172,148.14,turn_left
21.790,0.103,0.172,0.103,0.172,148.12,turn_left
21.840,0.103,0.172,0.103,0.172,148.79,turn_left
21.890,0.103,0.182,0.103,0.182,152.37,turn_left
21.940,0.103,0.182,0.103,0.182,157.43,turn_left
21.990,0.100,0.176,0.100,0.176,157.78,turn_left
22.040,0.100,0.176,0.100,0.176,157.76,turn_left
22.090,0.099,0.175,0.099,0.175,157.76,turn_left
22.140,0.099,0.175,0.099,0.175,157.76,turn_left
22.190,0.096,0.163,0.096,0.163,148.25,turn_left
22.240,0.096,0.163,0.096,0.163,148.25,turn_left
22.290,0.096,0.163,0.096,0.163,148.79,turn_left
22.340,0.096,0.163,0.096,0.163,148.79,turn_left
22.390,0.096,0.160,0.096,0.160,150.04,turn_left
22.440,0.096,0.160,0.096,0.160,150.04,turn_left
22.490,0.097,0.167,0.097,0.167,156.10,turn_left
22.540,0.097,0.167,0.097,0.167,161.08,turn_left
22.590,0.089,0.162,0.089,0.162,162.51,turn_left
22.640,0.089,0.162,0.089,0.162,162.41,turn_left
22.690,0.087,0.159,0.087,0.159,162.41,turn_left
22.740,0.087,0.159,0.087,0.159,162.41,turn_left
22.790,0.087,0.159,0.087,0.159,162.41,turn_left
22.840,0.080,0.152,0.080,0.152,154.32,turn_left
22.890,0.080,0.152,0.080,0.152,154.65,turn_left
22.940,0.078,0.151,0.078,0.151,154.69,turn_left
22.990,0.078,0.151,0.078,0.151,154.06,turn_left
23.040,0.077,0.158,0.077,0.158,154.06,turn_left
23.090,0.077,0.158,0.077,0.158,162.43,turn_left
23.140,0.077,0.158,0.077,0.158,163.92,turn_left
23.190,0.066,0.156,0.066,0.156,163.92,turn_left
23.240,0.066,0.156,0.066,0.156,164.79,turn_left
23.290,0.066,0.156,0.066,0.156,163.38,turn_left
23.340,0.065,0.154,0.065,0.154,162.51,turn_left
23.390,0.065,0.154,0.065,0.154,160.14,turn_left
23.440,0.065,0.154,0.065,0.154,154.93,turn_left
23.490,0.057,0.144,0.057,0.144,155.98,turn_left
23.540,0.057,0.144,0.057,0.144,157.88,turn_left
23.590,0.049,0.140,0.049,0.140,157.36,turn_left
23.640,0.049,0.140,0.049,0.140,157.79,turn_left
23.690,0.043,0.143,0.043,0.143,165.05,turn_left
23.740,0.043,0.143,0.043,0.143,170.28,turn_left
23.790,0.043,0.143,0.043,0.143,171.63,turn_left
23.840,0.041,0.142,0.041,0.142,171.61,turn_left
23.890,0.041,0.142,0.041,0.142,171.47,turn_left
23.940,0.039,0.137,0.039,0.137,165.79,turn_left
23.990,0.039,0.137,0.039,0.137,163.15,turn_left
24.040,0.032,0.124,0.032,0.124,164.31,turn_left
24.090,0.032,0.124,0.032,0.124,164.43,turn_left
24.140,0.031,0.124,0.031,0.124,164.42,turn_left
24.190,0.031,0.124,0.031,0.124,164.11,turn_left
24.240,0.031,0.127,0.031,0.127,164.70,turn_left
24.290,0.031,0.127,0.031,0.127,171.58,turn_left
24.340,0.031,0.127,0.031,0.127,174.14,forward
24.390,0.022,0.129,0.022,0.129,171.96,forward
24.440,0.022,0.129,0.022,0.129,171.28,forward
24.490,0.022,0.129,0.022,0.129,171.28,turn_left
24.540,0.035,0.120,0.035,0.120,155.43,turn_left
24.590,0.035,0.120,0.035,0.120,155.93,turn_left
24.640,0.022,0.127,0.022,0.127,155.99,turn_left
24.690,0.022,0.127,0.022,0.127,155.96,turn_left
24.740,0.022,0.129,0.022,0.129,155.88,turn_left
24.790,0.022,0.129,0.022,0.129,155.28,turn_left
24.840,0.020,0.134,0.020,0.134,158.25,turn_left
24.890,0.020,0.134,0.020,0.134,158.25,turn_left
24.940,0.012,0.139,0.012,0.139,165.27,turn_left
24.990,0.012,0.139,0.012,0.139,165.42,turn_left
25.040,0.010,0.139,0.010,0.139,165.43,turn_left
25.090,0.010,0.139,0.010,0.139,163.50,turn_left
25.140,0.004,0.133,0.004,0.133,157.34,turn_left
25.190,0.004,0.133,0.004,0.133,155.97,turn_left
25.240,0.004,0.133,0.004,0.133,156.89,turn_left
25.290,-0.003,0.128,-0.003,0.128,157.31,turn_left
25.340,-0.003,0.128,-0.003,0.128,157.41,turn_left
25.390,-0.004,0.128,-0.004,0.128,156.67,turn_left
25.440,-0.004,0.128,-0.004,0.128,159.09,turn_left
25.490,-0.008,0.137,-0.008,0.137,164.47,turn_left
25.540,-0.008,0.137,-0.008,0.137,164.47,turn_left
25.590,-0.015,0.135,-0.015,0.135,164.47,turn_left
25.640,-0.015,0.135,-0.015,0.135,164.47,turn_left
25.690,-0.016,0.134,-0.016,0.134,167.96,turn_left
25.740,-0.016,0.134,-0.016,0.134,159.84,turn_left
25.790,-0.022,0.124,-0.022,0.124,159.20,turn_left
25.840,-0.022,0.124,-0.022,0.124,160.69,turn_left
25.890,-0.022,0.124,-0.022,0.124,160.77,turn_left
25.940,-0.022,0.124,-0.022,0.124,160.77,turn_left
25.990,-0.022,0.124,-0.022,0.124,160.22,turn_left
26.040,-0.023,0.126,-0.023,0.126,162.26,turn_left
26.090,-0.023,0.126,-0.023,0.126,166.79,turn_left
26.140,-0.027,0.131,-0.027,0.131,169.65,turn_left
26.190,-0.027,0.131,-0.027,0.131,169.65,turn_left
26.240,-0.028,0.131,-0.028,0.131,170.48,turn_left
26.290,-0.028,0.131,-0.028,0.131,170.49,turn_left
26.340,-0.028,0.131,-0.028,0.131,162.55,turn_left
26.390,-0.032,0.123,-0.032,0.123,159.52,turn_left
26.440,-0.032,0.123,-0.032,0.123,159.79,turn_left
26.490,-0.034,0.125,-0.034,0.125,160.76,turn_left
26.540,-0.034,0.125,-0.034,0.125,160.76,turn_left
26.590,-0.036,0.126,-0.036,0.126,160.45,turn_left
26.640,-0.036,0.126,-0.036,0.126,160.45,turn_left
26.690,-0.036,0.126,-0.036,0.126,170.82,turn_left
26.740,-0.040,0.131,-0.040,0.131,171.63,turn_left
26.790,-0.040,0.131,-0.040,0.131,172.21,turn_left
26.840,-0.044,0.129,-0.044,0.129,172.22,forward
26.890,-0.044,0.129,-0.044,0.129,170.23,turn_left
26.940,-0.050,0.127,-0.050,0.127,160.80,turn_left
26.990,-0.050,0.127,-0.050,0.127,159.59,turn_left
27.040,-0.050,0.127,-0.050,0.127,164.98,turn_left
27.090,-0.085,0.141,-0.085,0.141,167.12,turn_left
27.140,-0.085,0.141,-0.085,0.141,168.22,turn_left
27.190,-0.091,0.147,-0.091,0.147,167.75,turn_left
27.240,-0.091,0.147,-0.091,0.147,168.45,turn_left
27.290,-0.096,0.155,-0.096,0.155,173.92,turn_left
27.340,-0.096,0.155,-0.096,0.155,176.79,forward
27.390,-0.096,0.155,-0.096,0.155,174.65,forward
27.440,-0.105,0.156,-0.105,0.156,172.73,forward
27.490,-0.105,0.156,-0.105,0.156,172.06,forward
27.540,-0.140,0.139,-0.140,0.139,171.27,forward
27.590,-0.140,0.139,-0.140,0.139,173.82,forward
27.640,-0.167,0.144,-0.167,0.144,175.89,forward
27.690,-0.167,0.144,-0.167,0.144,176.99,forward
27.740,-0.167,0.144,-0.167,0.144,179.16,forward
27.790,-0.192,0.158,-0.192,0.158,179.26,forward
27.840,-0.192,0.158,-0.192,0.158,178.75,forward
27.890,-0.209,0.164,-0.209,0.164,178.32,forward
27.940,-0.209,0.164,-0.209,0.164,177.50,forward
27.990,-0.244,0.162,-0.244,0.162,177.48,forward
28.040,-0.244,0.162,-0.244,0.162,178.60,forward
28.090,-0.269,0.164,-0.269,0.164,179.22,forward
28.140,-0.269,0.164,-0.269,0.164,180.14,forward
28.190,-0.290,0.175,-0.290,0.175,180.62,forward
28.240,-0.290,0.175,-0.290,0.175,180.74,forward
28.290,-0.290,0.175,-0.290,0.175,179.95,forward
28.340,-0.290,0.175,-0.290,0.175,176.92,forward
28.390,-0.316,0.185,-0.316,0.185,176.60,forward
28.440,-0.316,0.185,-0.316,0.185,173.80,forward
28.490,-0.346,0.189,-0.346,0.189,174.54,forward
28.540,-0.346,0.189,-0.346,0.189,174.88,forward
28.590,-0.361,0.197,-0.361,0.197,175.00,forward
28.640,-0.361,0.197,-0.361,0.197,175.44,forward
28.690,-0.394,0.220,-0.394,0.220,175.12,forward
28.740,-0.394,0.220,-0.394,0.220,174.33,forward
28.790,-0.404,0.224,-0.404,0.224,174.33,forward
28.840,-0.404,0.224,-0.404,0.224,174.33,forward
28.890,-0.404,0.224,-0.404,0.224,174.33,forward
28.940,-0.437,0.229,-0.437,0.229,172.22,forward
28.990,-0.437,0.229,-0.437,0.229,174.58,forward
29.040,-0.453,0.236,-0.453,0.236,176.29,forward
29.090,-0.453,0.236,-0.453,0.236,176.93,forward
29.140,-0.475,0.250,-0.475,0.250,177.07,forward
29.190,-0.475,0.250,-0.475,0.250,175.82,forward
29.240,-0.490,0.259,-0.490,0.259,175.43,forward
29.290,-0.490,0.259,-0.490,0.259,175.27,forward
29.340,-0.520,0.261,-0.520,0.261,172.70,forward
29.390,-0.520,0.261,-0.520,0.261,173.54,forward
29.440,-0.520,0.261,-0.520,0.261,175.27,forward
29.490,-0.541,0.270,-0.541,0.270,175.90,forward
29.540,-0.541,0.270,-0.541,0.270,175.90,forward
29.590,-0.566,0.291,-0.566,0.291,177.89,forward
29.640,-0.566,0.291,-0.566,0.291,177.69,forward
29.690,-0.580,0.295,-0.580,0.295,177.52,forward
29.740,-0.580,0.295,-0.580,0.295,176.79,forward
29.790,-0.615,0.294,-0.615,0.294,176.79,forward
29.840,-0.615,0.294,-0.615,0.294,177.97,forward
29.890,-0.637,0.297,-0.637,0.297,179.57,forward
29.940,-0.637,0.297,-0.637,0.297,181.57,forward
29.990,-0.637,0.297,-0.637,0.297,182.39,forward
30.040,-0.656,0.306,-0.656,0.306,182.78,forward
30.090,-0.656,0.306,-0.656,0.306,181.35,forward
30.140,-0.676,0.310,-0.676,0.310,181.23,forward
30.190,-0.676,0.310,-0.676,0.310,181.23,forward
30.240,-0.701,0.311,-0.701,0.311,178.89,forward
30.290,-0.701,0.311,-0.701,0.311,180.32,forward
30.340,-0.701,0.311,-0.701,0.311,181.43,forward
30.390,-0.737,0.313,-0.737,0.313,182.72,forward
30.440,-0.737,0.313,-0.737,0.313,182.61,forward
30.490,-0.774,0.335,-0.774,0.335,182.61,forward
30.540,-0.774,0.335,-0.774,0.335,182.02,forward
30.590,-0.774,0.335,-0.774,0.335,181.77,forward
30.640,-0.788,0.340,-0.788,0.340,181.42,forward
30.690,-0.788,0.340,-0.788,0.340,180.45,forward
30.740,-0.827,0.339,-0.827,0.339,181.98,forward
30.790,-0.827,0.339,-0.827,0.339,184.26,forward
30.840,-0.841,0.347,-0.841,0.347,185.71,turn_right
30.890,-0.841,0.347,-0.841,0.347,185.71,turn_right
30.940,-0.850,0.359,-0.850,0.359,174.49,turn_right
30.990,-0.850,0.359,-0.850,0.359,172.89,forward
31.040,-0.850,0.359,-0.850,0.359,179.60,forward
31.090,-0.856,0.358,-0.856,0.358,181.61,forward
31.140,-0.856,0.358,-0.856,0.358,180.65,forward
31.190,-0.862,0.343,-0.862,0.343,180.65,forward
31.240,-0.862,0.343,-0.862,0.343,180.65,forward
31.290,-0.862,0.343,-0.862,0.343,180.65,forward
31.340,-0.872,0.337,-0.872,0.337,180.65,forward
31.390,-0.872,0.337,-0.872,0.337,180.65,forward
31.440,-0.893,0.340,-0.893,0.340,189.08,forward
31.490,-0.893,0.340,-0.893,0.340,186.89,turn_right
31.540,-0.914,0.348,-0.914,0.348,181.01,forward
31.590,-0.914,0.348,-0.914,0.348,181.01,forward
31.640,-0.920,0.356,-0.920,0.356,184.25,forward
31.690,-0.920,0.356,-0.920,0.356,184.25,turn_right
31.740,-0.920,0.356,-0.920,0.356,187.74,turn_right
31.790,-0.945,0.355,-0.945,0.355,187.74,turn_right
31.840,-0.945,0.355,-0.945,0.355,183.56,turn_right
31.890,-0.964,0.342,-0.964,0.342,183.22,forward
31.940,-0.964,0.342,-0.964,0.342,183.22,forward
31.990,-0.938,0.338,-0.938,0.338,188.63,turn_right
32.040,-0.938,0.338,-0.938,0.338,185.44,turn_right
32.090,-0.947,0.341,-0.947,0.341,181.09,forward
32.140,-0.947,0.341,-0.947,0.341,180.87,forward
32.190,-0.966,0.345,-0.966,0.345,180.87,forward
32.240,-0.966,0.345,-0.966,0.345,180.87,forward
32.290,-0.990,0.348,-0.990,0.348,180.87,forward
32.340,-0.990,0.348,-0.990,0.348,167.30,forward
32.390,-1.005,0.349,-1.005,0.349,166.22,turn_left
32.440,-1.005,0.349,-1.005,0.349,166.22,turn_left
32.490,-1.005,0.349,-1.005,0.349,168.99,turn_left
32.540,-1.044,0.338,-1.044,0.338,168.99,turn_left
32.590,-1.044,0.338,-1.044,0.338,168.99,turn_left
32.640,-1.047,0.336,-1.047,0.336,172.70,turn_left
32.690,-1.047,0.336,-1.047,0.336,174.64,forward
32.740,-1.045,0.335,-1.045,0.335,174.19,forward
32.790,-1.045,0.335,-1.045,0.335,170.49,forward
32.840,-1.053,0.330,-1.053,0.330,169.09,turn_left
32.890,-1.053,0.330,-1.053,0.330,171.38,turn_left
32.940,-1.095,0.305,-1.095,0.305,171.38,turn_left
32.990,-1.095,0.305,-1.095,0.305,173.75,forward
33.040,-1.111,0.308,-1.111,0.308,173.20,forward
33.090,-1.111,0.308,-1.111,0.308,173.28,forward
33.140,-1.107,0.316,-1.107,0.316,176.13,forward
33.190,-1.107,0.316,-1.107,0.316,178.63,forward
33.240,-1.119,0.331,-1.119,0.331,179.09,forward
33.290,-1.119,0.331,-1.119,0.331,179.09,forward
33.340,-1.119,0.331,-1.119,0.331,176.96,forward
33.390,-1.138,0.331,-1.138,0.331,175.84,forward
33.440,-1.138,0.331,-1.138,0.331,175.85,forward
33.490,-1.155,0.325,-1.155,0.325,176.59,forward
33.540,-1.155,0.325,-1.155,0.325,178.44,forward
33.590,-1.178,0.325,-1.178,0.325,179.38,forward
33.640,-1.178,0.325,-1.178,0.325,179.21,forward
33.690,-1.178,0.325,-1.178,0.325,178.69,forward
33.740,-1.208,0.323,-1.208,0.323,178.32,forward
33.790,-1.208,0.323,-1.208,0.323,177.79,forward
33.840,-1.233,0.307,-1.233,0.307,177.71,forward
33.890,-1.233,0.307,-1.233,0.307,178.70,forward
33.940,-1.256,0.296,-1.256,0.296,179.27,forward
33.990,-1.256,0.296,-1.256,0.296,180.15,forward
34.040,-1.281,0.297,-1.281,0.297,180.41,forward
34.090,-1.281,0.297,-1.281,0.297,180.98,forward
34.140,-1.316,0.293,-1.316,0.293,180.98,forward
34.190,-1.316,0.293,-1.316,0.293,178.89,forward
34.240,-1.316,0.293,-1.316,0.293,178.48,forward
34.290,-1.342,0.278,-1.342,0.278,177.87,forward
34.340,-1.342,0.278,-1.342,0.278,178.39,forward
34.390,-1.366,0.266,-1.366,0.266,178.71,forward
34.440,-1.366,0.266,-1.366,0.266,178.71,forward
34.490,-1.366,0.266,-1.366,0.266,180.40,forward
34.540,-1.395,0.268,-1.395,0.268,180.63,forward
34.590,-1.395,0.268,-1.395,0.268,178.64,forward
34.640,-1.419,0.268,-1.419,0.268,177.34,forward
34.690,-1.419,0.268,-1.419,0.268,176.16,forward
34.740,-1.445,0.253,-1.445,0.253,175.84,forward
34.790,-1.445,0.253,-1.445,0.253,176.94,forward
34.840,-1.466,0.242,-1.466,0.242,177.41,forward
34.890,-1.466,0.242,-1.466,0.242,178.47,forward
34.940,-1.466,0.242,-1.466,0.242,178.79,forward
34.990,-1.497,0.244,-1.497,0.244,178.92,forward
35.040,-1.497,0.244,-1.497,0.244,178.92,forward
35.090,-1.521,0.244,-1.521,0.244,178.24,forward
35.140,-1.521,0.244,-1.521,0.244,177.73,forward
35.190,-1.543,0.231,-1.543,0.231,176.73,forward
35.240,-1.543,0.231,-1.543,0.231,177.31,forward
35.290,-1.569,0.220,-1.569,0.220,177.90,forward
35.340,-1.569,0.220,-1.569,0.220,177.93,forward
35.390,-1.569,0.220,-1.569,0.220,180.35,forward
35.440,-1.569,0.220,-1.569,0.220,180.59,forward
35.490,-1.607,0.227,-1.607,0.227,179.76,forward
35.540,-1.607,0.227,-1.607,0.227,177.72,forward
35.590,-1.625,0.213,-1.625,0.213,176.64,forward
35.640,-1.625,0.213,-1.625,0.213,174.88,forward
35.690,-1.649,0.199,-1.649,0.199,173.61,forward
35.740,-1.649,0.199,-1.649,0.199,173.31,forward
35.790,-1.664,0.201,-1.664,0.201,173.53,forward
35.840,-1.664,0.201,-1.664,0.201,174.36,forward
35.890,-1.698,0.204,-1.698,0.204,175.38,forward
35.940,-1.698,0.204,-1.698,0.204,175.07,forward
35.990,-1.712,0.202,-1.712,0.202,174.69,forward
36.040,-1.712,0.202,-1.712,0.202,174.31,forward
36.090,-1.741,0.187,-1.741,0.187,174.14,forward
36.140,-1.741,0.187,-1.741,0.187,175.17,forward
36.190,-1.760,0.182,-1.760,0.182,175.17,forward
36.240,-1.760,0.182,-1.760,0.182,176.22,forward
36.290,-1.760,0.182,-1.760,0.182,177.25,forward
36.340,-1.792,0.190,-1.792,0.190,177.75,forward
36.390,-1.792,0.190,-1.792,0.190,177.19,forward
36.440,-1.792,0.190,-1.792,0.190,175.74,forward
36.490,-1.824,0.193,-1.824,0.193,174.13,forward
36.540,-1.824,0.193,-1.824,0.193,173.73,forward
36.590,-1.853,0.170,-1.853,0.170,173.73,forward
36.640,-1.853,0.170,-1.853,0.170,174.34,forward
36.690,-1.866,0.163,-1.866,0.163,175.19,forward
36.740,-1.866,0.163,-1.866,0.163,175.19,forward
36.790,-1.898,0.164,-1.898,0.164,175.51,forward
36.840,-1.898,0.164,-1.898,0.164,175.51,forward
36.890,-1.911,0.160,-1.911,0.160,172.11,forward
36.940,-1.911,0.160,-1.911,0.160,171.44,forward
36.990,-1.938,0.151,-1.938,0.151,171.01,turn_left
37.040,-1.938,0.151,-1.938,0.151,175.52,turn_left
37.090,-1.959,0.148,-1.959,0.148,183.83,forward
37.140,-1.959,0.148,-1.959,0.148,182.78,forward
37.190,-1.965,0.155,-1.965,0.155,180.31,forward
37.240,-1.965,0.155,-1.965,0.155,180.01,forward
37.290,-1.965,0.155,-1.965,0.155,178.83,forward
37.340,-1.992,0.157,-1.992,0.157,178.34,forward
37.390,-1.992,0.157,-1.992,0.157,177.00,forward
37.440,-1.992,0.157,-1.992,0.157,173.93,forward
37.490,-2.019,0.135,-2.019,0.135,174.20,forward
37.540,-2.019,0.135,-2.019,0.135,174.20,forward
37.590,-2.033,0.133,-2.033,0.133,175.88,forward
37.640,-2.033,0.133,-2.033,0.133,176.63,forward
37.690,-2.072,0.135,-2.072,0.135,176.76,forward
37.740,-2.072,0.135,-2.072,0.135,174.62,forward
37.790,-2.089,0.132,-2.089,0.132,173.88,forward
37.840,-2.089,0.132,-2.089,0.132,172.83,forward
37.890,-2.089,0.132,-2.089,0.132,172.83,forward
37.940,-2.124,0.119,-2.124,0.119,171.37,turn_left
37.990,-2.124,0.119,-2.124,0.119,175.98,forward
38.040,-2.149,0.118,-2.149,0.118,177.13,forward
38.090,-2.149,0.118,-2.149,0.118,178.26,forward
38.140,-2.164,0.118,-2.164,0.118,180.83,forward
38.190,-2.164,0.118,-2.164,0.118,180.33,forward
38.240,-2.164,0.118,-2.164,0.118,180.34,forward
38.290,-2.179,0.109,-2.179,0.109,179.29,forward
38.340,-2.179,0.109,-2.179,0.109,179.48,forward
38.390,-2.213,0.089,-2.213,0.089,179.35,forward
38.440,-2.213,0.089,-2.213,0.089,179.70,forward
38.490,-2.213,0.089,-2.213,0.089,179.75,forward
38.540,-2.240,0.086,-2.240,0.086,180.23,forward
38.590,-2.240,0.086,-2.240,0.086,180.90,forward
38.640,-2.281,0.091,-2.281,0.091,179.62,forward
38.690,-2.281,0.091,-2.281,0.091,179.56,forward
38.740,-2.304,0.083,-2.304,0.083,179.52,forward
38.790,-2.304,0.083,-2.304,0.083,179.26,forward
38.840,-2.334,0.068,-2.334,0.068,179.21,forward
38.890,-2.334,0.068,-2.334,0.068,180.54,forward
38.940,-2.345,0.069,-2.345,0.069,181.36,forward
38.990,-2.345,0.069,-2.345,0.069,181.83,forward
39.040,-2.380,0.067,-2.380,0.067,182.13,forward
39.090,-2.380,0.067,-2.380,0.067,180.17,forward
39.140,-2.380,0.067,-2.380,0.067,179.42,forward
39.190,-2.394,0.062,-2.394,0.062,179.42,forward
39.240,-2.394,0.062,-2.394,0.062,179.42,forward
39.290,-2.425,0.046,-2.425,0.046,178.02,forward
39.340,-2.425,0.046,-2.425,0.046,178.50,forward
39.390,-2.449,0.042,-2.449,0.042,178.76,forward
39.440,-2.449,0.042,-2.449,0.042,178.68,forward
39.490,-2.449,0.042,-2.449,0.042,178.68,forward
39.540,-2.491,0.043,-2.491,0.043,178.68,forward
39.590,-2.491,0.043,-2.491,0.043,174.78,forward
39.640,-2.502,0.039,-2.502,0.039,174.03,forward
39.690,-2.502,0.039,-2.502,0.039,173.46,forward
39.740,-2.534,0.025,-2.534,0.025,173.87,forward
39.790,-2.534,0.025,-2.534,0.025,174.41,forward
39.840,-2.547,0.017,-2.547,0.017,174.46,forward
39.890,-2.547,0.017,-2.547,0.017,175.15,forward
39.940,-2.580,0.019,-2.580,0.019,173.98,forward
39.990,-2.580,0.019,-2.580,0.019,172.69,forward
40.040,-2.599,0.012,-2.599,0.012,170.70,forward
40.090,-2.599,0.012,-2.599,0.012,170.27,turn_left
40.140,-2.627,0.006,-2.627,0.006,172.29,turn_left
40.190,-2.627,0.006,-2.627,0.006,173.70,forward
40.240,-2.638,0.018,-2.638,0.018,170.31,forward
40.290,-2.638,0.018,-2.638,0.018,171.01,turn_left
40.340,-2.638,0.018,-2.638,0.018,171.67,turn_left
40.390,-2.636,0.021,-2.636,0.021,176.92,forward
40.440,-2.636,0.021,-2.636,0.021,172.98,forward
40.490,-2.647,0.033,-2.647,0.033,174.12,forward
40.540,-2.647,0.033,-2.647,0.033,175.55,forward
40.590,-2.653,0.022,-2.653,0.022,175.87,forward
40.640,-2.653,0.022,-2.653,0.022,176.39,forward
40.690,-2.670,0.007,-2.670,0.007,176.65,forward
40.740,-2.670,0.007,-2.670,0.007,176.75,forward
40.790,-2.692,0.008,-2.692,0.008,177.51,forward
40.840,-2.692,0.008,-2.692,0.008,177.50,forward
40.890,-2.724,0.002,-2.724,0.002,177.50,forward
40.940,-2.724,0.002,-2.724,0.002,173.02,forward
40.990,-2.740,-0.002,-2.740,-0.002,171.92,forward
41.040,-2.740,-0.002,-2.740,-0.002,170.98,turn_left
41.090,-2.770,-0.016,-2.770,-0.016,175.63,forward
41.140,-2.770,-0.016,-2.770,-0.016,178.57,forward
41.190,-2.770,-0.016,-2.770,-0.016,178.57,forward
41.240,-2.786,-0.009,-2.786,-0.009,174.18,forward
41.290,-2.786,-0.009,-2.786,-0.009,174.85,forward
41.340,-2.819,-0.011,-2.819,-0.011,173.15,forward
41.390,-2.819,-0.011,-2.819,-0.011,172.92,forward
41.440,-2.819,-0.011,-2.819,-0.011,172.47,forward
41.490,-2.849,-0.026,-2.849,-0.026,172.30,forward
41.540,-2.849,-0.026,-2.849,-0.026,172.92,forward
41.590,-2.873,-0.034,-2.873,-0.034,173.34,forward
41.640,-2.873,-0.034,-2.873,-0.034,174.24,forward
41.690,-2.901,-0.029,-2.901,-0.029,174.51,forward
41.740,-2.901,-0.029,-2.901,-0.029,175.16,forward
41.790,-2.901,-0.029,-2.901,-0.029,174.01,forward
41.840,-2.935,-0.030,-2.935,-0.030,172.63,forward
41.890,-2.935,-0.030,-2.935,-0.030,172.23,forward
41.940,-2.961,-0.041,-2.961,-0.041,172.23,forward
41.990,-2.961,-0.041,-2.961,-0.041,172.90,forward
42.040,-2.991,-0.047,-2.991,-0.047,174.93,forward
42.090,-2.991,-0.047,-2.991,-0.047,176.81,forward
42.140,-3.012,-0.049,-3.012,-0.049,177.49,forward
42.190,-3.012,-0.049,-3.012,-0.049,177.49,forward
42.240,-3.012,-0.049,-3.012,-0.049,176.56,forward
42.290,-3.030,-0.052,-3.030,-0.052,176.00,forward
42.340,-3.030,-0.052,-3.030,-0.052,173.64,forward
42.390,-3.030,-0.052,-3.030,-0.052,172.11,forward
42.440,-3.053,-0.055,-3.053,-0.055,172.02,forward
42.490,-3.053,-0.055,-3.053,-0.055,172.02,forward
42.540,-3.065,-0.051,-3.065,-0.051,175.40,forward
42.590,-3.065,-0.051,-3.065,-0.051,178.02,forward
42.640,-3.093,-0.051,-3.093,-0.051,178.20,forward
42.690,-3.093,-0.051,-3.093,-0.051,178.20,forward
42.740,-3.114,-0.052,-3.114,-0.052,176.44,forward
42.790,-3.114,-0.052,-3.114,-0.052,176.11,forward
42.840,-3.144,-0.068,-3.144,-0.068,175.74,forward
42.890,-3.144,-0.068,-3.144,-0.068,176.76,forward
42.940,-3.167,-0.074,-3.167,-0.074,177.43,forward
42.990,-3.167,-0.074,-3.167,-0.074,177.43,forward
43.040,-3.195,-0.072,-3.195,-0.072,177.43,forward
43.090,-3.195,-0.072,-3.195,-0.072,177.43,forward
43.140,-3.195,-0.072,-3.195,-0.072,177.11,forward
43.190,-3.225,-0.075,-3.225,-0.075,176.50,forward
43.240,-3.225,-0.075,-3.225,-0.075,175.53,forward
43.290,-3.243,-0.080,-3.243,-0.080,174.98,forward
43.340,-3.243,-0.080,-3.243,-0.080,176.41,forward
43.390,-3.273,-0.088,-3.273,-0.088,177.35,forward
43.440,-3.273,-0.088,-3.273,-0.088,178.57,forward
43.490,-3.293,-0.088,-3.293,-0.088,178.57,forward
43.540,-3.293,-0.088,-3.293,-0.088,181.75,forward
43.590,-3.293,-0.088,-3.293,-0.088,181.75,forward
43.640,-3.314,-0.097,-3.314,-0.097,181.75,forward
43.690,-3.314,-0.097,-3.314,-0.097,181.75,forward
43.740,-3.337,-0.113,-3.337,-0.113,178.95,forward
43.790,-3.337,-0.113,-3.337,-0.113,178.81,forward
43.840,-3.359,-0.123,-3.359,-0.123,180.54,forward
43.890,-3.359,-0.123,-3.359,-0.123,181.13,forward
43.940,-3.379,-0.121,-3.379,-0.121,181.78,forward
43.990,-3.379,-0.121,-3.379,-0.121,182.39,forward
44.040,-3.414,-0.118,-3.414,-0.118,181.71,forward
44.090,-3.414,-0.118,-3.414,-0.118,181.35,forward
44.140,-3.426,-0.123,-3.426,-0.123,181.04,forward
44.190,-3.426,-0.123,-3.426,-0.123,180.66,forward
44.240,-3.455,-0.142,-3.455,-0.142,181.28,forward
44.290,-3.455,-0.142,-3.455,-0.142,182.66,forward
44.340,-3.455,-0.142,-3.455,-0.142,184.87,turn_right
44.390,-3.467,-0.147,-3.467,-0.147,185.08,turn_right
44.440,-3.467,-0.147,-3.467,-0.147,184.26,turn_right
44.490,-3.515,-0.166,-3.515,-0.166,181.68,forward
44.540,-3.515,-0.166,-3.515,-0.166,181.68,forward
44.590,-3.500,-0.168,-3.500,-0.168,185.41,forward
44.640,-3.500,-0.168,-3.500,-0.168,186.20,turn_right
44.690,-3.519,-0.182,-3.519,-0.182,182.15,turn_right
44.740,-3.519,-0.182,-3.519,-0.182,179.59,forward
44.790,-3.541,-0.196,-3.541,-0.196,184.08,forward
44.840,-3.541,-0.196,-3.541,-0.196,185.29,turn_right
44.890,-3.573,-0.203,-3.573,-0.203,185.29,turn_right
44.940,-3.573,-0.203,-3.573,-0.203,186.82,turn_right
44.990,-3.573,-0.203,-3.573,-0.203,186.82,turn_right
45.040,-3.584,-0.219,-3.584,-0.219,188.77,turn_right
45.090,-3.584,-0.219,-3.584,-0.219,188.76,turn_right
45.140,-3.584,-0.219,-3.584,-0.219,188.76,turn_right
45.190,-3.584,-0.219,-3.584,-0.219,189.46,turn_right
45.240,-3.582,-0.217,-3.582,-0.217,187.43,turn_right
45.290,-3.582,-0.217,-3.582,-0.217,183.42,turn_right
45.340,-3.582,-0.217,-3.582,-0.217,183.10,forward
45.390,-3.579,-0.215,-3.579,-0.215,188.01,forward
45.440,-3.579,-0.215,-3.579,-0.215,189.07,turn_right
45.490,-3.579,-0.226,-3.579,-0.226,183.67,turn_right
45.540,-3.579,-0.226,-3.579,-0.226,183.67,forward
45.590,-3.597,-0.247,-3.597,-0.247,184.29,turn_right
45.640,-3.597,-0.247,-3.597,-0.247,181.98,forward
45.690,-3.597,-0.247,-3.597,-0.247,177.31,forward
45.740,-3.580,-0.259,-3.580,-0.259,179.40,forward
45.790,-3.580,-0.259,-3.580,-0.259,180.89,forward
45.840,-3.586,-0.257,-3.586,-0.257,181.98,forward
45.890,-3.586,-0.257,-3.586,-0.257,181.73,forward
45.940,-3.586,-0.257,-3.586,-0.257,180.66,forward
45.990,-3.603,-0.256,-3.603,-0.256,179.39,forward
46.040,-3.603,-0.256,-3.603,-0.256,179.24,forward
46.090,-3.618,-0.259,-3.618,-0.259,180.07,forward
46.140,-3.618,-0.259,-3.618,-0.259,182.06,forward
46.190,-3.632,-0.263,-3.632,-0.263,182.32,forward
46.240,-3.632,-0.263,-3.632,-0.263,182.92,forward
46.290,-3.664,-0.268,-3.664,-0.268,181.52,forward
46.340,-3.664,-0.268,-3.664,-0.268,180.48,forward
46.390,-3.664,-0.268,-3.664,-0.268,177.83,forward
46.440,-3.678,-0.269,-3.678,-0.269,176.17,forward
46.490,-3.678,-0.269,-3.678,-0.269,176.33,forward
46.540,-3.705,-0.280,-3.705,-0.280,177.01,forward
46.590,-3.705,-0.280,-3.705,-0.280,178.06,forward
46.640,-3.721,-0.279,-3.721,-0.279,178.51,forward
46.690,-3.721,-0.279,-3.721,-0.279,178.16,forward
46.740,-3.758,-0.285,-3.758,-0.285,175.95,forward
46.790,-3.758,-0.285,-3.758,-0.285,174.49,forward
46.840,-3.770,-0.288,-3.770,-0.288,172.82,forward
46.890,-3.770,-0.288,-3.770,-0.288,172.28,forward
46.940,-3.801,-0.299,-3.801,-0.299,173.03,forward
46.990,-3.801,-0.299,-3.801,-0.299,173.66,forward
47.040,-3.814,-0.297,-3.814,-0.297,174.62,forward
47.090,-3.814,-0.297,-3.814,-0.297,175.45,forward
47.140,-3.850,-0.294,-3.850,-0.294,175.32,forward
47.190,-3.850,-0.294,-3.850,-0.294,174.83,forward
47.240,-3.862,-0.295,-3.862,-0.295,173.98,forward
47.290,-3.862,-0.295,-3.862,-0.295,172.92,forward
47.340,-3.862,-0.295,-3.862,-0.295,172.73,forward
47.390,-3.892,-0.307,-3.892,-0.307,172.41,forward
47.440,-3.892,-0.307,-3.892,-0.307,173.40,forward
47.490,-3.919,-0.313,-3.919,-0.313,174.00,forward
47.540,-3.919,-0.313,-3.919,-0.313,174.72,forward
47.590,-3.957,-0.306,-3.957,-0.306,174.45,forward
47.640,-3.957,-0.306,-3.957,-0.306,174.23,forward
47.690,-3.971,-0.306,-3.971,-0.306,173.88,forward
47.740,-3.971,-0.306,-3.971,-0.306,173.79,forward
47.790,-4.001,-0.319,-4.001,-0.319,173.58,forward
47.840,-4.001,-0.319,-4.001,-0.319,175.52,forward
47.890,-4.021,-0.322,-4.021,-0.322,176.24,forward
47.940,-4.021,-0.322,-4.021,-0.322,176.89,forward
47.990,-4.045,-0.321,-4.045,-0.321,178.66,forward
48.040,-4.045,-0.321,-4.045,-0.321,178.84,forward
48.090,-4.045,-0.321,-4.045,-0.321,177.76,forward
48.140,-4.070,-0.321,-4.070,-0.321,176.80,forward
48.190,-4.070,-0.321,-4.070,-0.321,176.68,forward
48.240,-4.090,-0.332,-4.090,-0.332,176.13,forward
48.290,-4.090,-0.332,-4.090,-0.332,176.91,forward
48.340,-4.116,-0.339,-4.116,-0.339,177.14,forward
48.390,-4.116,-0.339,-4.116,-0.339,178.10,forward
48.440,-4.116,-0.339,-4.116,-0.339,178.62,forward
48.490,-4.151,-0.335,-4.151,-0.335,178.61,forward
48.540,-4.151,-0.335,-4.151,-0.335,175.24,forward
48.590,-4.173,-0.338,-4.173,-0.338,173.97,forward
48.640,-4.173,-0.338,-4.173,-0.338,173.59,forward
48.690,-4.201,-0.348,-4.201,-0.348,172.24,forward
48.740,-4.201,-0.348,-4.201,-0.348,172.64,forward
48.790,-4.224,-0.351,-4.224,-0.351,174.21,forward
48.840,-4.224,-0.351,-4.224,-0.351,174.55,forward
48.890,-4.224,-0.351,-4.224,-0.351,175.43,forward
48.940,-4.255,-0.347,-4.255,-0.347,175.39,forward
48.990,-4.255,-0.347,-4.255,-0.347,175.39,forward
49.040,-4.280,-0.349,-4.280,-0.349,171.68,forward
49.090,-4.280,-0.349,-4.280,-0.349,170.42,turn_left
49.140,-4.308,-0.357,-4.308,-0.357,174.13,turn_left
49.190,-4.308,-0.357,-4.308,-0.357,175.93,forward
49.240,-4.322,-0.361,-4.322,-0.361,172.40,forward
49.290,-4.322,-0.361,-4.322,-0.361,173.20,forward
49.340,-4.322,-0.361,-4.322,-0.361,175.61,forward
49.390,-4.315,-0.356,-4.315,-0.356,178.86,forward
49.440,-4.315,-0.356,-4.315,-0.356,178.33,forward
49.490,-4.338,-0.352,-4.338,-0.352,178.34,forward
49.540,-4.338,-0.352,-4.338,-0.352,178.46,forward
49.590,-4.338,-0.352,-4.338,-0.352,177.18,forward
49.640,-4.371,-0.373,-4.371,-0.373,177.77,forward
49.690,-4.371,-0.373,-4.371,-0.373,178.43,forward
49.740,-4.393,-0.377,-4.393,-0.377,178.82,forward
49.790,-4.393,-0.377,-4.393,-0.377,179.88,forward
49.840,-4.432,-0.374,-4.432,-0.374,179.93,forward
49.890,-4.432,-0.374,-4.432,-0.374,179.93,forward
